Mois;Date;Événement;Commune;Catégorie;Statut;À vérifier
Janvier;;;;;Aucune date précise retenue;Recherche non documentée
Février;21-22/02/2026;Événement non identifié;Saint-Benoît;À préciser;Piste non vérifiée;Retrouver l'intitulé exact
Février;28/02/2026;Événement non identifié;À confirmer;À préciser;Piste non vérifiée;Commune et intitulé à retrouver
Mars;08/03/2026;Foire aux boudins;Naintré;Foire;À confirmer;Vérifier auprès de l'organisateur
Avril;04/04/2026;Foire aux vins;Mirebeau;Foire;À confirmer;Vérifier l'édition
Avril;05-06/04/2026;Foire de Pâques;Chaunay;Foire;À confirmer;Dates historiques
Avril;19/04/2026;Foire;Saint-Georges-lès-Baillargeaux;Foire;À confirmer;Vérifier l'édition
Avril;26/04/2026;Foire aux asperges;Angliers;Foire gastronomique;À confirmer;Vérifier accueil food truck
Avril;26/04/2026;Foire aux biquions;Beaumont;Foire;À confirmer;Intitulé exact à vérifier
Mai;01/05/2026;Foire annuelle;Couhé;Foire;À confirmer;Vérifier l'édition
Mai;01/05/2026;Foire aux vins et fromages;Queaux;Foire gastronomique;À confirmer;Vérifier l'édition
Mai;01/05/2026;Foire à la tomate;Les Trois-Moutiers;Foire gastronomique;À confirmer;Vérifier l'édition
Mai;02-03/05/2026;Foire aux matériaux agricoles et produits locaux;Lathus-Saint-Rémy;Foire;À confirmer;Intitulé et date à confirmer
Mai;03/05/2026;Foire aux anguillettes;Sèvres-Anxaumont;Foire gastronomique;À confirmer;Vérifier l'édition
Mai;03/05/2026;Brocante/vide-greniers;Pleumartin;Brocante;À confirmer;Vérifier l'organisateur
Mai;10/05/2026;Foire aux plants et vide-greniers;Payré;Foire/Brocante;À confirmer;Vérifier l'édition
Mai;10/05/2026;Foire;Aslonnes;Foire;À confirmer;Intitulé à vérifier
Mai;13-17/05/2026;Food Truck Festival 86;Buxerolles;Festival gastronomique;Référencé agenda;Vérifier organisateur et admission
Mai;14/05/2026;Foire aux asperges;Saint-Genest-d’Ambière;Foire gastronomique;À confirmer;Vérifier l'édition
Mai;14/05/2026;Vide-greniers;Vivonne;Brocante;À confirmer;Vérifier l'organisateur
Mai;16-17/05/2026;Foire aux vins;Monthoiron;Foire gastronomique;À confirmer;Vérifier l'édition
Mai;17/05/2026;Fête de la Pentecôte;Scorbé-Clairvaux;Fête locale;À confirmer;Vérifier programme
Mai;17/05/2026;Vide-greniers;Magné;Brocante;À confirmer;Vérifier l'organisateur
Mai;17/05/2026;Vide-greniers;Chabournay;Brocante;À confirmer;Vérifier l'organisateur
Mai;23-24/05/2026;Foire à la brocante;Poitiers;Foire/Brocante;Référencé agenda;Vérifier admission food truck
Mai;24/05/2026;Foire;Monthoiron;Foire;Référencé agenda;Vérifier doublon avec foire aux vins
Juin;À déterminer;Événements déjà retenus antérieurement;Divers;Événement local;À reconstituer;Les détails ne figurent pas entièrement dans le contexte disponible
Juillet;05/07/2026;Fête au village;Bonneuil-Matours;Fête de village;Référencé agenda;Vérifier candidature food truck
Juillet;05/07/2026;Fête patronale de Sainte-Néomaye;Lésigny;Fête patronale;Référencé agenda;Vérifier programme
Juillet;10/07/2026;Vente exceptionnelle à la recyclerie;Saint-Maurice-la-Clouère;Événement local;Référencé agenda;Adéquation commerciale à vérifier
Juillet;14/07/2026;Brocante;Civray;Brocante;Référencé agenda;Vérifier organisateur
Juillet;14/07/2026;Fête de la bière;Saint-Savin;Fête gastronomique;Référencé agenda;Vérifier offre restauration
Juillet;14/07/2026;Cavalcade;La Trimouille;Fête locale;Référencé agenda;Vérifier emplacement
Juillet;05/07/2026;Vide-grenier;Saint-Benoît;Brocante;Référencé agenda;Date reprise de l'agenda consulté
Août;02/08/2026;Vide-grenier et vide-garage;Naintré;Brocante;Référencé agenda;Vérifier organisateur
Août;02/08/2026;Brocante;La Trimouille;Brocante;Référencé agenda;Vérifier organisateur
Août;13-16/08/2026;Festival Jeunes Talents en Loudunais;Loudun;Festival;Référencé agenda;Vérifier restauration et sélection
Août;15/08/2026;Vide-grenier;Valdivienne;Brocante;Référencé agenda;Vérifier organisateur
Août;15/08/2026;Brocante;Saint-Pierre-de-Maillé;Brocante;Référencé agenda;Vérifier organisateur
Août;20/08/2026;Festival Lug'en Scène - cinéma plein air;Loudun;Festival;Référencé agenda;Vérifier offre restauration
Août;21-22/08/2026;Festival Lug'en Scène;Loudun;Festival;Référencé agenda;Vérifier candidature
Août;22-23/08/2026;Braderie;Montmorillon;Braderie;Référencé agenda;Vérifier organisateur
Août;30/08/2026;Fête annuelle;Saint-Macoux;Fête locale;Référencé agenda;Intitulé source à vérifier
Août;30/08/2026;Foire;Beaumont;Foire;Référencé agenda;Vérifier date et édition
Septembre;05/09/2026;Randonnée gourmande semi-nocturne;Nieuil-l’Espoir;Événement gastronomique;Référencé agenda;Vérifier si food truck invité
Septembre;06/09/2026;Foire aux melons;Coulombiers;Foire gastronomique;Référencé agenda;Vérifier édition
Septembre;06/09/2026;Brocante;Coulombiers;Brocante;Référencé agenda;Vérifier éventuel doublon
Septembre;06/09/2026;Vide-greniers;Berthegon;Brocante;Référencé agenda;Vérifier organisateur
Septembre;13/09/2026;Brocante;Cenon-sur-Vienne;Brocante;Référencé agenda;Vérifier organisateur
Septembre;13/09/2026;Vide-grenier;Mignaloux-Beauvoir;Brocante;Référencé agenda;Vérifier organisateur
Septembre;20/09/2026;Foire médiévale;Château-Larcher;Foire/Festival;Référencé agenda;Vérifier candidature
Septembre;20/09/2026;Fête des 3 Quartiers;Poitiers;Fête locale;Référencé agenda;Vérifier programmation
Septembre;20/09/2026;Brocante;Bonnes;Brocante;Référencé agenda;Vérifier organisateur
Septembre;20/09/2026;Grand vide-grenier de l’automne;Nieuil-l’Espoir;Brocante;Référencé agenda;Vérifier organisateur
Septembre;26-27/09/2026;Foire de la Saint-Michel;Vivonne;Foire;Référencé agenda;Possibles entrées en doublon
Septembre;26-27/09/2026;Foire;Vivonne;Foire;Référencé agenda;Possibles entrées en doublon
Octobre;04/10/2026;Fête de l’ail;Châtellerault;Fête gastronomique;Référencé agenda;Événement passé
Octobre;03-04/10/2026;Coopérons !;Thuré;Événement local;Référencé agenda;Événement passé
Octobre;08/10/2026;Foire mensuelle;Gençay;Foire;Référencé agenda;Date du jour, vérifier déroulement
Octobre;11/10/2026;Foire aux produits du terroir;Marnay;Foire gastronomique;Référencé agenda;À venir, confirmer organisateur
Octobre;11/10/2026;Loto gourmand;Chaunay;Événement gourmand;Référencé agenda;À venir, vérifier possibilité de vente
Octobre;11/10/2026;Brocante;Chauvigny;Brocante;Référencé agenda;À venir, contacter organisateur
Octobre;11/10/2026;Fête de la pomme;Fontaine-le-Comte;Fête gastronomique;Référencé agenda;À venir, contacter organisateur
Octobre;17-18/10/2026;Vitivonne;Vivonne;Fête/foire;Référencé agenda;À venir, vérifier admission
Octobre;18/10/2026;Assemblée aux Marrons;Scorbé-Clairvaux;Fête gastronomique;Référencé agenda;À venir, contacter organisateur
Octobre;18/10/2026;Foire aux Vendanges;Pleumartin;Foire;Référencé agenda;À venir, contacter organisateur
Octobre;18/10/2026;Fête de la pomme et artisanat;Payré;Fête/foire;Référencé agenda;À venir, contacter organisateur
Octobre;19-25/10/2026;Festival international d’art lyrique;Vivonne;Festival;Référencé agenda;Vérifier restauration
Octobre;20/10/2026;Foire mensuelle;L’Isle-Jourdain;Foire;Référencé agenda;À venir
Octobre;24/10/2026;Foire aux chrysanthèmes et à la bernache;Cheneché;Foire;Référencé agenda;À venir, confirmer accueil commerçants
Octobre;25/10/2026;Loto gourmand;Champagne-Saint-Hilaire;Événement gourmand;Référencé agenda;À venir, vérifier vente
Octobre;29/10/2026;Foire mensuelle;Coulonges;Foire;Référencé agenda;À venir
Novembre;02/11/2026;Foire mensuelle;Lencloître;Foire;Référencé agenda;À venir
Novembre;05/11/2026;Foire mensuelle;Lussac-les-Châteaux;Foire;Référencé agenda;À venir
Novembre;06-08/11/2026;La Ferme s’invite;Poitiers;Salon agricole;Référencé JDS;Vérifier dossier exposant
Novembre;07-08/11/2026;Les Rabelaiseries;Ligugé;Événement local;À confirmer;Vérifier date/programme
Novembre;11/11/2026;Salon des antiquaires;Gençay;Salon;Référencé agenda;Vérifier admission food truck
Novembre;11/11/2026;Foire aux arbres;Queaux;Foire;Référencé agenda;Vérifier admission
Novembre;14-15/11/2026;Grand Salon de la Gastronomie;Poitiers;Salon gastronomique;Référencé JDS;Vérifier dossier exposant
Novembre;21/11/2026;Fête des plantes et du jardin;Buxerolles;Fête/foire;Référencé agenda;Vérifier offre restauration
Novembre;22/11/2026;Bourse aux plantes;Buxerolles;Bourse;Référencé agenda;Vérifier organisateur
Novembre;22/11/2026;Bourse aux disques;Buxerolles;Bourse;Référencé agenda;Vérifier adéquation commerciale
Novembre;28/11/2026;Foire Saint-André;Mirebeau;Foire;Référencé agenda;Vérifier inscription
Novembre;30/11/2026;Super Loto;Thollet;Loto;Référencé agenda;Vérifier vente sur place
Décembre;05-06/12/2026;Marché de Noël;Chauvigny;Marché de Noël;Référencé agenda;Vérifier inscription exposant
Décembre;06/12/2026;Marché de Noël;Champagne-Saint-Hilaire;Marché de Noël;Référencé agenda;Vérifier inscription exposant
Décembre;12/12/2026;Féerie de Noël;Château-Larcher;Marché de Noël/fête;Référencé agenda;Vérifier inscription
Décembre;13/12/2026;Foire de Noël;Pressac;Foire de Noël;Référencé agenda;Vérifier inscription
Décembre;13/12/2026;Loto gourmand;Chaunay;Événement gourmand;Référencé agenda;Vérifier vente sur place
Décembre;16-23/12/2026;Noël à la ferme chez Entre Terre et Miel;Marnay;Événement de Noël;Référencé agenda;Vérifier conditions exposants
Décembre;20/12/2026;Marché de Noël;Mauprévoir;Marché de Noël;Référencé agenda;Vérifier inscription
Décembre;20/12/2026;Marché de Noël;Roches-Prémarie-Andillé;Marché de Noël;Référencé agenda;Vérifier inscription
Décembre;24/12/2026;Marché de Noël;Charroux;Marché de Noël;Référencé agenda;Date atypique, confirmer
Décembre;24/12/2026;Marché de Noël;Sèvres-Anxaumont;Marché de Noël;Référencé agenda;Date atypique, confirmer
Décembre;19/12/2026;Marché de Noël;Civray;Marché de Noël;Mentionné antérieurement;À reconfirmer
Décembre;19-20/12/2026;Marché de Noël;Loudun;Marché de Noël;Mentionné antérieurement;À reconfirmer
